1711024014516690000,0.20000000298023224,-3.0889599323272705
1711024014516690000,0.20600000023841858,-2.7273495197296143
1711024014516690000,0.20499999821186066,-2.7180774211883545
1711024014516690000,0.2029999941587448,-2.7079873085021973
1711024014516690000,0.20200000703334808,-2.6987152099609375
1711024014516690000,0.20100000500679016,-2.6891705989837646
1711024014516690000,0.20000000298023224,-2.680171251296997
1711024014516690000,0.19900000095367432,-2.670626401901245
1711024014516690000,0.19699999690055847,-2.660536289215088
1711024014516690000,0.19599999487400055,-2.650991439819336
1711024014516690000,0.19499999284744263,-2.641719341278076
1711024014516690000,0.1940000057220459,-2.6321747303009033
1711024014516690000,0.19300000369548798,-2.6229026317596436
1711024014516690000,0.19200000166893005,-2.6133577823638916
1711024014516690000,0.19099999964237213,-2.604085683822632
1711024014516690000,0.1899999976158142,-2.594268321990967
1711024014516690000,0.1899999976158142,-2.5855414867401123
1711024014516690000,0.1889999955892563,-2.5759968757629395
1711024014516690000,0.18799999356269836,-2.5667247772216797
1711024014516690000,0.18700000643730164,-2.5571799278259277
1711024014516690000,0.18700000643730164,-2.5484533309936523
1711024014516690000,0.1860000044107437,-2.5386359691619873
1711024014516690000,0.1850000023841858,-2.5293638706207275
1711024014516690000,0.18400000035762787,-2.5198190212249756
1711024014516690000,0.18400000035762787,-2.5110924243927
1711024014516690000,0.18299999833106995,-2.501274824142456
1711024014516690000,0.18199999630451202,-2.4920029640197754
1711024014516690000,0.18199999630451202,-2.483003616333008
1711024014516690000,0.1809999942779541,-2.473731517791748
1711024014516690000,0.1809999942779541,-2.4647321701049805
1711024014516690000,0.18000000715255737,-2.4551873207092285
1711024014516690000,0.18000000715255737,-2.446187973022461
1711024014516690000,0.17900000512599945,-2.436915874481201
1711024014516690000,0.17900000512599945,-2.4279165267944336
1711024014516690000,0.17800000309944153,-2.4183716773986816
1711024014516690000,0.17800000309944153,-2.409372329711914
1711024014516690000,0.1770000010728836,-2.4001004695892334
1711024014516690000,0.1770000010728836,-2.391101121902466
1711024014516690000,0.1770000010728836,-2.3823742866516113
1711024014516690000,0.17599999904632568,-2.3725569248199463
1711024014516690000,0.17599999904632568,-2.3635575771331787
1711024014516690000,0.17599999904632568,-2.354285478591919
1711024014516690000,0.17499999701976776,-2.344740629196167
1711024014516690000,0.17499999701976776,-2.3360140323638916
1711024014516690000,0.17499999701976776,-2.327014684677124
1711024014516690000,0.17499999701976776,-2.3182880878448486
1711024014516690000,0.17399999499320984,-2.3087432384490967
1711024014516690000,0.17399999499320984,-2.3000166416168213
1711024014516690000,0.17399999499320984,-2.2910172939300537
1711024014516690000,0.17399999499320984,-2.2822906970977783
1711024014516690000,0.17299999296665192,-2.2727458477020264
1711024014516690000,0.17299999296665192,-2.263746500015259
1711024014516690000,0.17299999296665192,-2.2550199031829834
1711024014516690000,0.17299999296665192,-2.246020555496216
1711024014516690000,0.17299999296665192,-2.2372939586639404
1711024014516690000,0.17299999296665192,-2.228294610977173
1711024014516690000,0.1720000058412552,-2.218749761581421
1711024014516690000,0.1720000058412552,-2.2100231647491455
1711024014516690000,0.1720000058412552,-2.201023817062378
1711024014516690000,0.1720000058412552,-2.1922972202301025
1711024014516690000,0.1720000058412552,-2.183297872543335
1711024014516690000,0.1720000058412552,-2.1745712757110596
1711024014516690000,0.1720000058412552,-2.165571928024292
1711024014516690000,0.1720000058412552,-2.1568453311920166
1711024014516690000,0.1720000058412552,-2.147845983505249
1711024014516690000,0.1720000058412552,-2.1391189098358154
1711024014516690000,0.1720000058412552,-2.13039231300354
1711024014516690000,0.1720000058412552,-2.1213929653167725
1711024014516690000,0.1720000058412552,-2.112666368484497
1711024014516690000,0.1720000058412552,-2.1036670207977295
1711024014516690000,0.1720000058412552,-2.094940423965454
1711024014516690000,0.1720000058412552,-2.0859410762786865
1711024014516690000,0.1720000058412552,-2.077214479446411
1711024014516690000,0.17299999296665192,-2.0693061351776123
1711024014516690000,0.17299999296665192,-2.0603067874908447
1711024014516690000,0.17299999296665192,-2.051579713821411
1711024014516690000,0.17299999296665192,-2.0425803661346436
1711024014516690000,0.17299999296665192,-2.033853769302368
1711024014516690000,0.17399999499320984,-2.025672674179077
1711024014516690000,0.17399999499320984,-2.0169460773468018
1711024014516690000,0.17399999499320984,-2.007946729660034
1711024014516690000,0.19499999284744263,-1.6588810682296753
1711024014516690000,0.19599999487400055,-1.6506999731063843
1711024014516690000,0.19699999690055847,-1.642518401145935
1711024014516690000,0.1979999989271164,-1.6340645551681519
1711024014516690000,0.19900000095367432,-1.626156210899353
1711024014516690000,0.20000000298023224,-1.6177018880844116
1711024014516690000,0.20100000500679016,-1.6092480421066284
1711024014516690000,0.20200000703334808,-1.6007941961288452
1711024014516690000,0.2029999941587448,-1.5926131010055542
1711024014516690000,0.20399999618530273,-1.584431529045105
1711024014516690000,0.20499999821186066,-1.5759776830673218
1711024014516690000,0.20600000023841858,-1.5677965879440308
1711024014516690000,0.2070000022649765,-1.5593427419662476
1711024014516690000,0.20900000631809235,-1.5517066717147827
1711024014516690000,0.20999999344348907,-1.5432528257369995
1711024014516690000,0.210999995470047,-1.5347989797592163
1711024014516690000,0.21299999952316284,-1.5271633863449097
1711024014516690000,0.21400000154972076,-1.5187090635299683
1711024014516690000,0.2150000035762787,-1.510255217552185
1711024014516690000,0.2160000056028366,-1.5018013715744019
1711024014516690000,0.21799999475479126,-1.493893027305603
1711024014516690000,0.21899999678134918,-1.4854387044906616
1711024014516690000,0.2199999988079071,-1.4772576093673706
1711024014516690000,0.22200000286102295,-1.4690765142440796
1711024014516690000,0.2240000069141388,-1.4611676931381226
1711024014516690000,0.22499999403953552,-1.4529865980148315
1711024014516690000,0.22699999809265137,-1.4448055028915405
1711024014516690000,0.2290000021457672,-1.4368966817855835
1711024014516690000,0.23100000619888306,-1.4287155866622925
1711024014516690000,0.23399999737739563,-1.4210799932479858
1711024014516690000,0.23499999940395355,-1.4126261472702026
1711024014516690000,0.23600000143051147,-1.4041718244552612
1711024014516690000,0.23800000548362732,-1.3962634801864624
1711024014516690000,0.24300000071525574,-1.389172911643982
1711024014516690000,0.23899999260902405,-1.3790830373764038
1711024014516690000,0.22699999809265137,-1.365174651145935
1711024014516690000,0.22499999403953552,-1.355629801750183
1711024014516690000,0.22300000488758087,-1.3458126783370972
1711024014516690000,0.22100000083446503,-1.335995078086853
1711024014516690000,0.2199999988079071,-1.3267229795455933
1711024014516690000,0.21799999475479126,-1.3174508810043335
1711024014516690000,0.2160000056028366,-1.3079060316085815
1711024014516690000,0.2150000035762787,-1.2983611822128296
1711024014516690000,0.21299999952316284,-1.2888168096542358
1711024014516690000,0.21199999749660492,-1.2792719602584839
1711024014516690000,0.20999999344348907,-1.269727110862732
1711024014516690000,0.20900000631809235,-1.26018226146698
1711024014516690000,0.2070000022649765,-1.2503646612167358
1711024014516690000,0.20600000023841858,-1.240820288658142
1711024014516690000,0.20499999821186066,-1.2315481901168823
1711024014516690000,0.2029999941587448,-1.221457839012146
1711024014516690000,0.20200000703334808,-1.2121857404708862
1711024014516690000,0.20100000500679016,-1.2026408910751343
1711024014516690000,0.20000000298023224,-1.1933687925338745
1711024014516690000,0.1979999989271164,-1.1832789182662964
1711024014516690000,0.19699999690055847,-1.1737340688705444
1711024014516690000,0.19599999487400055,-1.1644619703292847
1711024014516690000,0.19499999284744263,-1.1549171209335327
1711024014516690000,0.1940000057220459,-1.145645022392273
1711024014516690000,0.19300000369548798,-1.136100172996521
1711024014516690000,0.19200000166893005,-1.1268280744552612
1711024014516690000,0.19099999964237213,-1.1172837018966675
1711024014516690000,0.1899999976158142,-1.1077388525009155
1711024014516690000,0.1889999955892563,-1.0981940031051636
1711024014516690000,0.18799999356269836,-1.0889219045639038
1711024014516690000,0.18700000643730164,-1.0793770551681519
1711024014516690000,0.18700000643730164,-1.0703777074813843
1711024014516690000,0.1860000044107437,-1.0608328580856323
1711024014516690000,0.1850000023841858,-1.0512880086898804
1711024014516690000,0.18400000035762787,-1.0420163869857788
1711024014516690000,0.18299999833106995,-1.0321987867355347
1711024014516690000,0.18299999833106995,-1.0234721899032593
1711024014516690000,0.18199999630451202,-1.0139273405075073
1711024014516690000,0.1809999942779541,-1.0046552419662476
1711024014516690000,0.1809999942779541,-0.9956558346748352
1711024014516690000,0.18000000715255737,-0.9861109852790833
1711024014516690000,0.17900000512599945,-0.9765661358833313
1711024014516690000,0.17900000512599945,-0.9678395390510559
1711024014516690000,0.17800000309944153,-0.9580219388008118
1711024014516690000,0.17800000309944153,-0.9490225911140442
1711024014516690000,0.16699999570846558,-0.577595055103302
1711024014516690000,0.16699999570846558,-0.5688684582710266
1711024014516690000,0.16699999570846558,-0.560141384601593
1711024014516690000,0.16699999570846558,-0.5511420369148254
1711024014516690000,0.16699999570846558,-0.54241544008255
1711024014516690000,0.16699999570846558,-0.5334160923957825
1711024014516690000,0.16699999570846558,-0.5246894955635071
1711024014516690000,0.1679999977350235,-0.5162356495857239
1711024014516690000,0.1679999977350235,-0.5075090527534485
1711024014516690000,0.1679999977350235,-0.4987824559211731
1711024014516690000,0.1679999977350235,-0.4897831082344055
1711024014516690000,0.1679999977350235,-0.4810565114021301
1711024014516690000,0.1679999977350235,-0.47205716371536255
1711024014516690000,0.16899999976158142,-0.4641483426094055
1711024014516690000,0.16899999976158142,-0.45514899492263794
1711024014516690000,0.16899999976158142,-0.44642239809036255
1711024014516690000,0.16899999976158142,-0.43769580125808716
1711024014516690000,0.16899999976158142,-0.4286964535713196
1711024014516690000,0.17000000178813934,-0.42078810930252075
1711024014516690000,0.17000000178813934,-0.4117887616157532
1711024014516690000,0.17000000178813934,-0.4030621647834778
1711024014516690000,0.17000000178813934,-0.3940628170967102
1711024014516690000,0.17100000381469727,-0.3861539959907532
1711024014516690000,0.17100000381469727,-0.3771546483039856
1711024014516690000,0.17100000381469727,-0.3684280514717102
1711024014516690000,0.1720000058412552,-0.3602469563484192
1711024014516690000,0.1720000058412552,-0.3512476086616516
1711024014516690000,0.1720000058412552,-0.3425210118293762
1711024014516690000,0.17299999296665192,-0.334339439868927
1711024014516690000,0.17299999296665192,-0.3256128430366516
1711024014516690000,0.17299999296665192,-0.31661349534988403
1711024014516690000,0.17399999499320984,-0.3087051510810852
1711024014516690000,0.17399999499320984,-0.2999785542488098
1711024014516690000,0.17499999701976776,-0.2915247082710266
1711024014516690000,0.17499999701976776,-0.2827981114387512
1711024014516690000,0.17499999701976776,-0.27379828691482544
1711024014516690000,0.17599999904632568,-0.2658899426460266
1711024014516690000,0.17599999904632568,-0.25689059495925903
1711024014516690000,0.1770000010728836,-0.2489822506904602
1711024014516690000,0.17800000309944153,-0.240528404712677
1711024014516690000,0.17900000512599945,-0.23234683275222778
1711024014516690000,0.1809999942779541,-0.22498399019241333
1711024014516690000,0.18299999833106995,-0.2173479199409485
1711024014516690000,0.1850000023841858,-0.20971232652664185
1711024014516690000,0.0,-0.1786234974861145
1711024014516690000,0.0,-0.1698969006538391
1711024014516690000,0.17599999904632568,-0.17726022005081177
1711024014516690000,0.17800000309944153,-0.1698969006538391
1711024014516690000,0.18000000715255737,-0.16253358125686646
1711024014516690000,0.18299999833106995,-0.1554434895515442
1711024014516690000,0.18400000035762787,-0.14753466844558716
1711024014516690000,0.1850000023841858,-0.13935357332229614
1711024014516690000,0.1850000023841858,-0.13035422563552856
1711024014516690000,0.1860000044107437,-0.12217313796281815
1711024014516690000,0.18700000643730164,-0.11399204283952713
1711024014516690000,0.18799999356269836,-0.10581047087907791
1711024014516690000,0.18799999356269836,-0.09708387404680252
1711024014516690000,0.1889999955892563,-0.08863002806901932
1711024014516690000,0.1899999976158142,-0.0804489329457283
1711024014516690000,0.19099999964237213,-0.07254011183977127
1711024014516690000,0.19200000166893005,-0.06408626586198807
1711024014516690000,0.19300000369548798,-0.055905167013406754
1711024014516690000,0.19300000369548798,-0.04717857018113136
1711024014516690000,0.1940000057220459,-0.03872472420334816
1711024014516690000,0.19499999284744263,-0.03054315224289894
1711024014516690000,0.19599999487400055,-0.022362057119607925
1711024014516690000,0.19699999690055847,-0.013908211141824722
1711024014516690000,0.19599999487400055,-0.004636113066226244
1711024014516690000,0.1940000057220459,0.0054541537538170815
1711024014516690000,0.19599999487400055,0.013089969754219055
1711024014516690000,0.19599999487400055,0.021816615015268326
1711024014516690000,0.19699999690055847,0.03027055412530899
1711024014516690000,0.19900000095367432,0.037633661180734634
1711024014516690000,0.210999995470047,0.04036073759198189
1711024014516690000,0.21299999952316284,0.04826926067471504
1711024014516690000,0.21400000154972076,0.0564504936337471
1711024014516690000,0.21400000154972076,0.06517714262008667
1711024014516690000,0.21299999952316284,0.07472191005945206
1711024014516690000,0.21400000154972076,0.08290313929319382
1711024014516690000,0.2160000056028366,0.09108436852693558
1711024014516690000,0.21799999475479126,0.09844747930765152
1711024014516690000,0.2199999988079071,0.10608329623937607
1711024014516690000,0.22300000488758087,0.11371910572052002
1711024014516690000,0.0,0.16498816013336182
1711024014516690000,0.0,0.1739875078201294
1711024014516690000,0.0,0.18271414935588837
1711024014516690000,0.0,0.19171351194381714
1711024014516690000,0.0,0.2004401534795761
1711024014516690000,0.0,0.20943951606750488
1711024014516690000,0.0,0.21816615760326385
1711024014516690000,0.0,0.22716550529003143
1711024014516690000,0.0,0.2358921617269516
1711024014516690000,0.0,0.24489150941371918
1711024014516690000,0.0,0.25361815094947815
1711024014516690000,0.0,0.2626174986362457
1711024014516690000,0.0,0.2713441550731659
1711024014516690000,0.0,0.28034350275993347
1711024014516690000,0.0,0.28907015919685364
1711024014516690000,0.0,0.2980695068836212
1711024014516690000,0.0,0.3067961633205414
1711024014516690000,0.0,0.31579551100730896
1711024014516690000,0.0,0.3245221674442291
1711024014516690000,0.0,0.3335215151309967
1711024014516690000,0.0,0.34224817156791687
1711024014516690000,0.0,0.35124751925468445
1711024014516690000,0.0,0.3599741458892822
1711024014516690000,0.0,0.3689735233783722
1711024014516690000,0.0,0.37770015001296997
1711024014516690000,0.0,0.38669949769973755
1711024014516690000,0.0,0.3954261541366577
1711024014516690000,0.0,0.4044255018234253
1711024014516690000,0.0,0.41315215826034546
1711024014516690000,0.0,0.42215150594711304
1711024014516690000,0.0,0.4308781623840332
1711024014516690000,0.0,0.4398775100708008
1711024014516690000,0.0,0.44860416650772095
1711024014516690000,0.0,0.4576035141944885
1711024014516690000,0.0,0.4663301706314087
1711024014516690000,0.0,0.47532951831817627
1711024014516690000,0.0,0.48432886600494385
1711024014516690000,0.0,0.4927828013896942
1711024014516690000,0.0,0.501509428024292
1711024014516690000,0.0,0.5105088353157043
1711024014516690000,0.0,0.5192354321479797
1711024014516690000,0.0,0.5282347798347473
1711024014516690000,0.0,0.5369614362716675
1711024014516690000,0.0,0.5459607839584351
1711024014516690000,0.0,0.5546874403953552
1711024014516690000,0.0,0.5636867880821228
1711024014516690000,0.0,0.572413444519043
1711024014516690000,0.0,0.5814127922058105
1711024014516690000,0.0,0.5901394486427307
1711024014516690000,0.0,0.5991387963294983
1711024014516690000,0.0,0.6078654527664185
1711024014516690000,0.0,0.616864800453186
1711024014516690000,0.0,0.6255914568901062
1711024014516690000,0.0,0.6345908045768738
1711024014516690000,0.0,0.643317461013794
1711024014516690000,0.0,0.6523168087005615
1711024014516690000,0.0,0.6610434651374817
1711024014516690000,0.0,0.6700428128242493
1711024014516690000,0.0,0.6787694692611694
1711024014516690000,0.0,0.687768816947937
1711024014516690000,0.0,0.6964954733848572
1711024014516690000,0.0,0.7054948210716248
1711024014516690000,0.0,0.7142214775085449
1711024014516690000,0.0,0.7232208251953125
1711024014516690000,0.0,0.7319474816322327
1711024014516690000,0.0,0.7409468293190002
1711024014516690000,0.0,0.7496734261512756
1711024014516690000,0.0,0.758672833442688
1711024014516690000,0.0,0.7673994302749634
1711024014516690000,0.0,0.7763988375663757
1711024014516690000,0.0,0.7851254343986511
1711024014516690000,0.0,0.7941247820854187
1711024014516690000,0.0,0.8028514385223389
1711024014516690000,0.0,0.8118507862091064
1711024014516690000,0.0,0.8205774426460266
1711024014516690000,0.0,0.8295767903327942
1711024014516690000,0.0,0.8385761380195618
1711024014516690000,0.0,0.8478482365608215
1711024014516690000,0.0,0.8565748929977417
1711024014516690000,0.0,0.8655742406845093
1711024014516690000,0.0,0.8743008971214294
1711024014516690000,0.0,0.883300244808197
1711024014516690000,0.0,0.8920269012451172
1711024014516690000,0.0,0.9010262489318848
1711024014516690000,0.0,0.9097528457641602
1711024014516690000,0.0,0.9187522530555725
1711024014516690000,0.0,0.9274788498878479
1711024014516690000,0.0,0.9364781975746155
1711024014516690000,0.0,0.9452048540115356
1711024014516690000,0.0,0.9542042016983032
1711024014516690000,0.0,0.9632036089897156
1711024014516690000,0.0,0.971930205821991
1711024014516690000,0.0,0.9809295535087585
1711024014516690000,0.0,0.9896562099456787
1711024014516690000,0.0,0.9986555576324463
1711024014516690000,0.0,1.0073822736740112
1711024014516690000,0.0,1.0163816213607788
1711024014516690000,0.0,1.0251082181930542
1711024014516690000,0.0,1.0341075658798218
1711024014516690000,0.0,1.0428342819213867
1711024014516690000,0.0,1.0518336296081543
1711024014516690000,0.0,1.0605602264404297
1711024014516690000,0.0,1.0695595741271973
1711024014516690000,0.0,1.0785589218139648
1711024014516690000,0.0,1.0872856378555298
1711024014516690000,0.0,1.0962849855422974
1711024014516690000,0.0,1.1050115823745728
1711024014516690000,0.0,1.1140109300613403
1711024014516690000,0.0,1.1227375268936157
1711024014516690000,0.0,1.1317369937896729
1711024014516690000,0.0,1.1404635906219482
1711024014516690000,0.0,1.1494629383087158
1711024014516690000,0.0,1.1581895351409912
1711024014516690000,0.0,1.1671888828277588
1711024014516690000,0.0,1.1759155988693237
1711024014516690000,0.0,1.1849149465560913
1711024014516690000,0.0,1.1939142942428589
1711024014516690000,0.0,1.2031863927841187
1711024014516690000,0.0,1.211912989616394
1711024014516690000,0.0,1.2206395864486694
1711024014516690000,0.0,1.2296390533447266
1711024014516690000,0.0,1.238365650177002
1711024014516690000,0.0,1.2473649978637695
1711024014516690000,0.0,1.256091594696045
1711024014516690000,0.0,1.2650909423828125
1711024014516690000,0.0,1.2738176584243774
1711024014516690000,0.0,1.2825442552566528
1711024014516690000,0.0,1.2915436029434204
1711024014516690000,0.0,1.3002703189849854
1711024014516690000,0.0,1.309269666671753
1711024014516690000,0.0,1.3179962635040283
1711024014516690000,0.0,1.326995611190796
1711024014516690000,0.0,1.3357223272323608
1711024014516690000,0.0,1.3444489240646362
1711024014516690000,0.0,1.3534482717514038
1711024014516690000,0.0,1.3621749877929688
1711024014516690000,0.0,1.3711743354797363
1711024014516690000,0.0,1.3799009323120117
1711024014516690000,0.0,1.3889002799987793
1711024014516690000,0.0,1.3976269960403442
1711024014516690000,0.0,1.4066263437271118
1711024014516690000,0.0,1.4153529405593872
1711024014516690000,0.0,1.4240795373916626
1711024014516690000,0.0,1.4330788850784302
1711024014516690000,0.0,1.4418056011199951
1711024014516690000,0.0,1.4508049488067627
1711024014516690000,0.0,1.459531545639038
1711024014516690000,0.0,1.4685308933258057
1711024014516690000,0.0,1.4772576093673706
1711024014516690000,0.0,1.485984206199646
1711024014516690000,0.0,1.4949835538864136
1711024014516690000,0.0,1.5037102699279785
1711024014516690000,0.0,1.512709617614746
1711024014516690000,0.0,1.5214362144470215
1711024014516690000,0.0,1.530435562133789
1711024014516690000,0.0,1.539162278175354
1711024014516690000,0.0,1.5481616258621216
1711024014516690000,0.2290000021457672,1.8664114475250244
1711024014516690000,0.22499999403953552,1.8767743110656738
1711024014516690000,0.22300000488758087,1.8865917921066284
1711024014516690000,0.22100000083446503,1.896409273147583
1711024014516690000,0.21899999678134918,1.9062267541885376
1711024014516690000,0.21699999272823334,1.9157716035842896
1711024014516690000,0.21299999952316284,1.9266798496246338
1711024014516690000,0.2150000035762787,1.9345884323120117
1711024014516690000,0.210999995470047,1.945496678352356
1711024014516690000,0.20999999344348907,1.9544960260391235
1711024014516690000,0.20800000429153442,1.9645862579345703
1711024014516690000,0.2070000022649765,1.97385835647583
1711024014516690000,0.20499999821186066,1.9839484691619873
1711024014516690000,0.2029999941587448,1.994038701057434
1711024014516690000,0.20200000703334808,2.0033106803894043
1711024014516690000,0.20100000500679016,2.0128555297851562
1711024014516690000,0.19900000095367432,2.022400379180908
1711024014516690000,0.1979999989271164,2.0322177410125732
1711024014516690000,0.1979999989271164,2.0409443378448486
1711024014516690000,0.20000000298023224,2.0485801696777344
1711024014516690000,0.0,2.0886683464050293
1711024014516690000,0.0,2.097667694091797
1711024014516690000,0.1860000044107437,2.083486795425415
1711024014516690000,0.18700000643730164,2.091668128967285
1711024014516690000,0.18799999356269836,2.099849224090576
1711024014516690000,0.1889999955892563,2.1083033084869385
1711024014516690000,0.18799999356269836,2.1178479194641113
1711024014516690000,0.18700000643730164,2.127120018005371
1711024014516690000,0.1860000044107437,2.1369376182556152
1711024014516690000,0.1850000023841858,2.146209478378296
1711024014516690000,0.18400000035762787,2.155754327774048
1711024014516690000,0.18400000035762787,2.1644809246063232
1711024014516690000,0.18299999833106995,2.1742985248565674
1711024014516690000,0.18199999630451202,2.183570623397827
1711024014516690000,0.1809999942779541,2.193115234375
1711024014516690000,0.1809999942779541,2.2018418312072754
1711024014516690000,0.17800000309944153,2.2130229473114014
1711024014516690000,0.1770000010728836,2.222295045852661
1711024014516690000,0.1809999942779541,2.228567361831665
1711024014516690000,0.17900000512599945,2.2389302253723145
1711024014516690000,0.1770000010728836,2.249565839767456
1711024014516690000,0.17599999904632568,2.259110450744629
1711024014516690000,0.17599999904632568,2.2681097984313965
1711024014516690000,0.17499999701976776,2.2779273986816406
1711024014516690000,0.17399999499320984,2.2871994972229004
1711024014516690000,0.17399999499320984,2.296198844909668
1711024014516690000,0.17299999296665192,2.306016206741333
1711024014516690000,0.17299999296665192,2.3150155544281006
1711024014516690000,0.17299999296665192,2.323742389678955
1711024014516690000,0.1720000058412552,2.33355975151062
1711024014516690000,0.1720000058412552,2.3425590991973877
1711024014516690000,0.17100000381469727,2.3518311977386475
1711024014516690000,0.17100000381469727,2.360830545425415
1711024014516690000,0.17100000381469727,2.3698298931121826
1711024014516690000,0.17000000178813934,2.3796472549438477
1711024014516690000,0.17000000178813934,2.388374090194702
1711024014516690000,0.17000000178813934,2.3973734378814697
1711024014516690000,0.16899999976158142,2.4071907997131348
1711024014516690000,0.16899999976158142,2.41591739654541
1711024014516690000,0.16899999976158142,2.4249167442321777
1711024014516690000,0.1679999977350235,2.434734344482422
1711024014516690000,0.1679999977350235,2.4437336921691895
1711024014516690000,0.1679999977350235,2.452460289001465
1711024014516690000,0.1679999977350235,2.4614596366882324
1711024014516690000,0.16699999570846558,2.4710044860839844
1711024014516690000,0.16699999570846558,2.4797310829162598
1711024014516690000,0.16699999570846558,2.4887304306030273
1711024014516690000,0.16699999570846558,2.497729778289795
1711024014516690000,0.16699999570846558,2.5067291259765625
1711024014516690000,0.16699999570846558,2.515455722808838
1711024014516690000,0.16699999570846558,2.5244550704956055
1711024014516690000,0.16699999570846558,2.533454418182373
1711024014516690000,0.16599999368190765,2.542999267578125
1711024014516690000,0.16599999368190765,2.5519986152648926
1711024014516690000,0.16599999368190765,2.56099796295166
1711024014516690000,0.16599999368190765,2.5699973106384277
1711024014516690000,0.16599999368190765,2.578723907470703
1711024014516690000,0.16599999368190765,2.5877232551574707
1711024014516690000,0.16599999368190765,2.5967226028442383
1711024014516690000,0.16599999368190765,2.605721950531006
1711024014516690000,0.1770000010728836,2.9629690647125244
1711024014516690000,0.17800000309944153,2.9711503982543945
1711024014516690000,0.17800000309944153,2.97987699508667
1711024014516690000,0.17900000512599945,2.98805832862854
1711024014516690000,0.18000000715255737,2.996239423751831
1711024014516690000,0.18000000715255737,3.0052387714385986
1711024014516690000,0.1809999942779541,3.0131473541259766
1711024014516690000,0.18199999630451202,3.0216012001037598
1711024014516690000,0.18199999630451202,3.030327796936035
1711024014516690000,0.18299999833106995,3.0387818813323975
1711024014516690000,0.18400000035762787,3.0466904640197754
1711024014516690000,0.18400000035762787,3.055689811706543
1711024014516690000,0.1850000023841858,3.063870906829834
1711024014516690000,0.1860000044107437,3.0723249912261963
1711024014516690000,0.18700000643730164,3.080233335494995
1711024014516690000,0.18700000643730164,3.0889601707458496
1711024014516690000,0.18799999356269836,3.097414016723633
1711024014516690000,0.1889999955892563,3.105595350265503
1711024014516690000,0.1899999976158142,3.114049196243286
1711024014516690000,0.19099999964237213,3.121957778930664
1711024014516690000,0.19200000166893005,3.1304116249084473
1711024014516690000,0.19300000369548798,3.1385929584503174
1711024014516690000,0.1940000057220459,-3.136138439178467
1711024014516690000,0.19499999284744263,-3.1279571056365967
1711024014516690000,0.19599999487400055,-3.1195032596588135
1711024014516690000,0.19699999690055847,-3.1113219261169434
1711024014516690000,0.1979999989271164,-3.10286808013916
1711024014516690000,0.20000000298023224,-3.0856873989105225
1711024014516690000,0.20200000703334808,-3.0777790546417236
1711024014516690000,0.2029999941587448,-3.0693249702453613
1711024014516690000,0.20399999618530273,-3.0611438751220703
1711024014516690000,0.20499999821186066,-3.052689790725708
1711024014516690000,0.2070000022649765,-3.044781446456909
1711024014516690000,0.20800000429153442,-3.036600112915039
1711024014516690000,0.20900000631809235,-3.028146266937256
1711024014516690000,0.210999995470047,-3.020237684249878
1711024014516690000,0.21199999749660492,-3.0117838382720947
1711024014516690000,0.21400000154972076,-3.003875255584717
1711024014516690000,0.2150000035762787,-2.9954211711883545
1711024014516690000,0.21699999272823334,-2.9875128269195557
1711024014516690000,0.21899999678134918,-2.9793314933776855
1711024014516690000,0.2199999988079071,-2.9711503982543945
1711024014516690000,0.22200000286102295,-2.9629690647125244
1711024014516690000,0.22200000286102295,-2.954242467880249
1711024014516690000,0.22100000083446503,-2.944697618484497
1711024014516690000,0.22499999403953552,-2.9376072883605957
1711024014516690000,0.23100000619888306,-2.931334972381592
1711024014516690000,0.23399999737739563,-2.923426389694214
1711024014516690000,0.2290000021457672,-2.9127907752990723
1711024014516690000,0.2280000001192093,-2.9035186767578125
1711024014516690000,0.2280000001192093,-2.894519329071045
1711024014516690000,0.23399999737739563,-2.887974500656128
1711024014516690000,0.23999999463558197,-2.881429433822632
1711024014516690000,0.23899999260902405,-2.872157335281372
1711024014516690000,0.23399999737739563,-2.8612489700317383
1711024014516690000,0.22699999809265137,-2.849522590637207
1711024014516690000,0.22499999403953552,-2.839977979660034
1711024014516690000,0.22300000488758087,-2.83016037940979
1711024014516690000,0.22100000083446503,-2.820070266723633
1711024014516690000,0.21899999678134918,-2.810525417327881
1711024014516690000,0.21699999272823334,-2.800708055496216
1711024014516690000,0.2160000056028366,-2.791435956954956
1711024014516690000,0.21400000154972076,-2.781618356704712
1711024014516690000,0.21299999952316284,-2.772073745727539
1711024014516690000,0.210999995470047,-2.762256145477295
1711024014516690000,0.20999999344348907,-2.752984046936035
1711024014516690000,0.20800000429153442,-2.742893934249878
1711024014516690000,0.17599999904632568,-2.359467029571533
1711024014516690000,0.17599999904632568,-2.3507401943206787
1711024014516690000,0.17499999701976776,-2.341195583343506
1711024014516690000,0.17499999701976776,-2.3321962356567383
1711024014516690000,0.17499999701976776,-2.323469400405884
1711024014516690000,0.17399999499320984,-2.313924789428711
1711024014516690000,0.17399999499320984,-2.3051981925964355
1711024014516690000,0.17399999499320984,-2.296198844909668
1711024014516690000,0.17399999499320984,-2.2874720096588135
1711024014516690000,0.17399999499320984,-2.278745412826538
1711024014516690000,0.17299999296665192,-2.268927812576294
1711024014516690000,0.17299999296665192,-2.2602012157440186
1711024014516690000,0.17299999296665192,-2.251201868057251
1711024014516690000,0.17299999296665192,-2.2424752712249756
1711024014516690000,0.17299999296665192,-2.233475923538208
1711024014516690000,0.17299999296665192,-2.2247493267059326
1711024014516690000,0.1720000058412552,-2.2152044773101807
1711024014516690000,0.17299999296665192,-2.2070233821868896
1711024014516690000,0.1720000058412552,-2.1974785327911377
1711024014516690000,0.1720000058412552,-2.18847918510437
1711024014516690000,0.1720000058412552,-2.1797525882720947
1711024014516690000,0.1720000058412552,-2.170753240585327
1711024014516690000,0.1720000058412552,-2.1620266437530518
1711024014516690000,0.1720000058412552,-2.153027296066284
1711024014516690000,0.1720000058412552,-2.144300699234009
1711024014516690000,0.1720000058412552,-2.1355741024017334
1711024014516690000,0.1720000058412552,-2.126574754714966
1711024014516690000,0.1720000058412552,-2.1178476810455322
1711024014516690000,0.1720000058412552,-2.1088483333587646
1711024014516690000,0.1720000058412552,-2.1001217365264893
1711024014516690000,0.1720000058412552,-2.0911223888397217
1711024014516690000,0.17299999296665192,-2.083214044570923
1711024014516690000,0.17299999296665192,-2.0744874477386475
1711024014516690000,0.17299999296665192,-2.06548810005188
1711024014516690000,0.17299999296665192,-2.0567615032196045
1711024014516690000,0.17299999296665192,-2.047762155532837
1711024014516690000,0.17299999296665192,-2.0390355587005615
1711024014516690000,0.17299999296665192,-2.030036211013794
1711024014516690000,0.17399999499320984,-2.022127389907837
1711024014516690000,0.17399999499320984,-2.0131280422210693
1711024014516690000,0.17399999499320984,-2.0038559436798096
1711024014516690000,0.17399999499320984,-1.9951294660568237
1711024014516690000,0.17399999499320984,-1.9864028692245483
1711024014516690000,0.17499999701976776,-1.9779490232467651
1711024014516690000,0.17499999701976776,-1.9692224264144897
1711024014516690000,0.17499999701976776,-1.9602230787277222
1711024014516690000,0.17499999701976776,-1.9514964818954468
1711024014516690000,0.17599999904632568,-1.9433149099349976
1711024014516690000,0.17599999904632568,-1.9345883131027222
1711024014516690000,0.1770000010728836,-1.9266799688339233
1711024014516690000,0.1770000010728836,-1.9176806211471558
1711024014516690000,0.1770000010728836,-1.9089540243148804
1711024014516690000,0.17800000309944153,-1.9005001783370972
1711024014516690000,0.17800000309944153,-1.8917731046676636
1711024014516690000,0.17800000309944153,-1.882773756980896
1711024014516690000,0.17900000512599945,-1.8748654127120972
1711024014516690000,0.17900000512599945,-1.8661388158798218
1711024014516690000,0.18000000715255737,-1.8576849699020386
1711024014516690000,0.18000000715255737,-1.8489583730697632
1711024014516690000,0.1809999942779541,-1.840776801109314
1711024014516690000,0.1809999942779541,-1.8320502042770386
1711024014516690000,0.18199999630451202,-1.8235963582992554
1711024014516690000,0.18199999630451202,-1.81486976146698
1711024014516690000,0.18299999833106995,-1.8064159154891968
1711024014516690000,0.18299999833106995,-1.7976893186569214
1711024014516690000,0.18400000035762787,-1.7897804975509644
1711024014516690000,0.18400000035762787,-1.7807811498641968
1711024014516690000,0.1850000023841858,-1.7726000547409058
1711024014516690000,0.1860000044107437,-1.7641462087631226
1711024014516690000,0.1860000044107437,-1.7554196119308472
1711024014516690000,0.18700000643730164,-1.747238039970398
1711024014516690000,0.18799999356269836,-1.739056944847107
1711024014516690000,0.1889999955892563,-1.730875849723816
1711024014516690000,0.1889999955892563,-1.7218765020370483
1711024014516690000,0.1899999976158142,-1.7136954069137573
1711024014516690000,0.19099999964237213,-1.705513834953308
1711024014516690000,0.19099999964237213,-1.6967872381210327
1711024014516690000,0.19200000166893005,-1.6883333921432495
1711024014516690000,0.19300000369548798,-1.6801522970199585
1711024014516690000,0.1940000057220459,-1.6716984510421753
1711024014516690000,0.21899999678134918,-1.3220871686935425
1711024014516690000,0.21699999272823334,-1.3125423192977905
1711024014516690000,0.2150000035762787,-1.3024519681930542
1711024014516690000,0.21400000154972076,-1.2934526205062866
1711024014516690000,0.21199999749660492,-1.2833622694015503
1711024014516690000,0.210999995470047,-1.2740906476974487
1711024014516690000,0.20900000631809235,-1.2642730474472046
1711024014516690000,0.20800000429153442,-1.2550009489059448
1711024014516690000,0.2070000022649765,-1.2454560995101929
1711024014516690000,0.20499999821186066,-1.2356384992599487
1711024014516690000,0.20399999618530273,-1.2260936498641968
1711024014516690000,0.2029999941587448,-1.2168220281600952
1711024014516690000,0.20100000500679016,-1.2067316770553589
1711024014516690000,0.20000000298023224,-1.1974595785140991
1711024014516690000,0.19900000095367432,-1.1881874799728394
1711024014516690000,0.1979999989271164,-1.1783698797225952
1711024014516690000,0.19699999690055847,-1.1690977811813354
1711024014516690000,0.19599999487400055,-1.1595534086227417
1711024014516690000,0.19499999284744263,-1.150281310081482
1711024014516690000,0.1940000057220459,-1.14073646068573
1711024014516690000,0.19200000166893005,-1.1309188604354858
1711024014516690000,0.19099999964237213,-1.1213740110397339
1711024014516690000,0.1899999976158142,-1.111829161643982
1711024014516690000,0.1899999976158142,-1.1028298139572144
1711024014516690000,0.1889999955892563,-1.0935577154159546
1711024014516690000,0.18799999356269836,-1.0840133428573608
1711024014516690000,0.18700000643730164,-1.0744684934616089
1711024014516690000,0.1860000044107437,-1.064923644065857
1711024014516690000,0.1850000023841858,-1.055378794670105
1711024014516690000,0.18400000035762787,-1.0461066961288452
1711024014516690000,0.18400000035762787,-1.0371073484420776
1711024014516690000,0.18299999833106995,-1.0275624990463257
1711024014516690000,0.18199999630451202,-1.0180176496505737
1711024014516690000,0.18199999630451202,-1.0092910528182983
1711024014516690000,0.1809999942779541,-0.9997466206550598
1711024014516690000,0.18000000715255737,-0.9902017712593079
1711024014516690000,0.17900000512599945,-0.9806569218635559
1711024014516690000,0.17900000512599945,-0.9719303250312805
1711024014516690000,0.17800000309944153,-0.9621127247810364
1711024014516690000,0.17800000309944153,-0.9531133770942688
1711024014516690000,0.1770000010728836,-0.9432957768440247
1711024014516690000,0.1770000010728836,-0.9345691800117493
1711024014516690000,0.17599999904632568,-0.9250243306159973
1711024014516690000,0.17599999904632568,-0.9160249829292297
1711024014516690000,0.17499999701976776,-0.906480610370636
1711024014516690000,0.17399999499320984,-0.896935760974884
1711024014516690000,0.17399999499320984,-0.8882091641426086
1711024014516690000,0.17399999499320984,-0.8792098164558411
1711024014516690000,0.17299999296665192,-0.8696649670600891
1711024014516690000,0.17299999296665192,-0.8609383702278137
1711024014516690000,0.1720000058412552,-0.8511207699775696
1711024014516690000,0.1720000058412552,-0.8423941731452942
1711024014516690000,0.1720000058412552,-0.8333948254585266
1711024014516690000,0.17100000381469727,-0.8241227269172668
1711024014516690000,0.17100000381469727,-0.8151233792304993
1711024014516690000,0.17100000381469727,-0.8063967823982239
1711024014516690000,0.17000000178813934,-0.7968519330024719
1711024014516690000,0.17000000178813934,-0.7878525853157043
1711024014516690000,0.17000000178813934,-0.779125988483429
1711024014516690000,0.17000000178813934,-0.7701266407966614
1711024014516690000,0.16899999976158142,-0.7605817914009094
1711024014516690000,0.16899999976158142,-0.7515824437141418
1711024014516690000,0.16899999976158142,-0.7428558468818665
1711024014516690000,0.16899999976158142,-0.7338564991950989
1711024014516690000,0.16899999976158142,-0.7251299023628235
1711024014516690000,0.1679999977350235,-0.7155850529670715
1711024014516690000,0.1679999977350235,-0.706585705280304
1711024014516690000,0.1679999977350235,-0.6978591084480286
1711024014516690000,0.1679999977350235,-0.688859760761261
1711024014516690000,0.1679999977350235,-0.6801331639289856
1711024014516690000,0.1679999977350235,-0.671133816242218
1711024014516690000,0.1679999977350235,-0.6624072194099426
1711024014516690000,0.16699999570846558,-0.6531351208686829
1711024014516690000,0.16699999570846558,-0.6441357731819153
1711024014516690000,0.16699999570846558,-0.6354086995124817
1711024014516690000,0.16699999570846558,-0.6264093518257141
1711024014516690000,0.16699999570846558,-0.6176827549934387
1711024014516690000,0.16699999570846558,-0.6086834073066711
1711024014516690000,0.16699999570846558,-0.5999568104743958
1711024014516690000,0.16699999570846558,-0.5909574627876282
1711024014516690000,0.16699999570846558,-0.5816853642463684
1711024014516690000,0.16699999570846558,-0.572958767414093
1711024014516690000,0.16699999570846558,-0.5639594197273254
1711024014516690000,0.16699999570846558,-0.55523282289505
1711024014516690000,0.16699999570846558,-0.5462334752082825
1711024014516690000,0.16699999570846558,-0.5375068783760071
1711024014516690000,0.16699999570846558,-0.5285075306892395
1711024014516690000,0.1679999977350235,-0.5203264355659485
1711024014516690000,0.1679999977350235,-0.5113270878791809
1711024014516690000,0.1679999977350235,-0.5026004910469055
1711024014516690000,0.1679999977350235,-0.49360114336013794
1711024014516690000,0.1679999977350235,-0.48487406969070435
1711024014516690000,0.1679999977350235,-0.47587472200393677
1711024014516690000,0.16899999976158142,-0.46796637773513794
1711024014516690000,0.16899999976158142,-0.45896703004837036
1711024014516690000,0.16899999976158142,-0.45024043321609497
1711024014516690000,0.16899999976158142,-0.4412410855293274
1711024014516690000,0.16899999976158142,-0.432514488697052
1711024014516690000,0.16899999976158142,-0.4235151410102844
1711024014516690000,0.17000000178813934,-0.4156063199043274
1711024014516690000,0.17000000178813934,-0.4066069722175598
1711024014516690000,0.17000000178813934,-0.3978803753852844
1711024014516690000,0.17000000178813934,-0.38888102769851685
1711024014516690000,0.17100000381469727,-0.380972683429718
1711024014516690000,0.17100000381469727,-0.37197333574295044
1711024014516690000,0.1720000058412552,-0.3637922406196594
1711024014516690000,0.1720000058412552,-0.35479289293289185
1711024014516690000,0.1720000058412552,-0.34606629610061646
1711024014516690000,0.17299999296665192,-0.33788472414016724
1711024014516690000,0.17299999296665192,-0.32915812730789185
1711024014516690000,0.17299999296665192,-0.32015877962112427
1711024014516690000,0.17399999499320984,-0.31225043535232544
1711024014516690000,0.17399999499320984,-0.30325108766555786
1711024014516690000,0.17399999499320984,-0.29452449083328247
1711024014516690000,0.17499999701976776,-0.28607016801834106
1711024014516690000,0.17499999701976776,-0.2773435711860657
1711024014516690000,0.17599999904632568,-0.26916247606277466
1711024014516690000,0.17599999904632568,-0.26043587923049927
1711024014516690000,0.1770000010728836,-0.25225478410720825
1711024014516690000,0.1770000010728836,-0.24325543642044067
1711024014516690000,0.17900000512599945,-0.23534661531448364
1711024014516690000,0.18000000715255737,-0.22716552019119263
1711024014516690000,0.18299999833106995,-0.22034770250320435
1711024014516690000,0.1850000023841858,-0.2127121090888977
1711024014516690000,0.18700000643730164,-0.20534878969192505
1711024014516690000,0.0,-0.17262393236160278
1711024014516690000,0.0,-0.1638973355293274
1711024014516690000,0.1770000010728836,-0.1720784306526184
1711024014516690000,0.18000000715255737,-0.16526108980178833
1711024014516690000,0.18199999630451202,-0.15789777040481567
1711024014516690000,0.18299999833106995,-0.14944392442703247
1711024014516690000,0.18400000035762787,-0.14153510332107544
1711024014516690000,0.1850000023841858,-0.13308125734329224
1711024014516690000,0.1860000044107437,-0.12490016967058182
1711024014516690000,0.18700000643730164,-0.1167190745472908
1711024014516690000,0.18700000643730164,-0.10799247771501541
1711024014516690000,0.18799999356269836,-0.09981090575456619
1711024014516690000,0.1889999955892563,-0.09135705977678299
1711024014516690000,0.1899999976158142,-0.08317596465349197
1711024014516690000,0.19099999964237213,-0.07499439269304276
1711024014516690000,0.19099999964237213,-0.06626779586076736
1711024014516690000,0.19200000166893005,-0.05781394615769386
1711024014516690000,0.19300000369548798,-0.04963285103440285
1711024014516690000,0.1940000057220459,-0.041179005056619644
1711024014516690000,0.19499999284744263,-0.032997433096170425
1711024014516690000,0.19599999487400055,-0.02481633797287941
1711024014516690000,0.19699999690055847,-0.016362491995096207
1711024014516690000,0.19599999487400055,-0.007090393919497728
1711024014516690000,0.1940000057220459,0.0029997846577316523
1711024014516690000,0.19499999284744263,0.011181015521287918
1711024014516690000,0.1979999989271164,0.018544122576713562
1711024014516690000,0.19599999487400055,0.028361599892377853
1711024014516690000,0.2029999941587448,0.03327034041285515
1711024014516690000,0.20999999344348907,0.03845178335905075
1711024014516690000,0.21199999749660492,0.046360306441783905
1711024014516690000,0.21299999952316284,0.05481424555182457
1711024014516690000,0.21400000154972076,0.06299547851085663
1711024014516690000,0.21299999952316284,0.07254024595022202
1711024014516690000,0.21299999952316284,0.08126689493656158
1711024014516690000,0.2150000035762787,0.08944812417030334
1711024014516690000,0.0,0.49060115218162537
1711024014516690000,0.0,0.49932777881622314
1711024014516690000,0.0,0.5083271265029907
1711024014516690000,0.0,0.5170537829399109
1711024014516690000,0.0,0.5260531306266785
1711024014516690000,0.0,0.5347797870635986
1711024014516690000,0.0,0.5437791347503662
1711024014516690000,0.0,0.5525057911872864
1711024014516690000,0.0,0.561505138874054
1711024014516690000,0.0,0.5702317953109741
1711024014516690000,0.0,0.5792311429977417
1711024014516690000,0.0,0.5879577994346619
1711024014516690000,0.0,0.5969571471214294
1711024014516690000,0.0,0.605956494808197
1711024014516690000,0.0,0.6146831512451172
1711024014516690000,0.0,0.6236824989318848
1711024014516690000,0.0,0.6324091553688049
1711024014516690000,0.0,0.6414085030555725
1711024014516690000,0.0,0.6501351594924927
1711024014516690000,0.0,0.6591345071792603
1711024014516690000,0.0,0.6678611636161804
1711024014516690000,0.0,0.676860511302948
1711024014516690000,0.0,0.6855871677398682
1711024014516690000,0.0,0.6945865154266357
1711024014516690000,0.0,0.7033131718635559
1711024014516690000,0.0,0.7123125195503235
1711024014516690000,0.0,0.7213118672370911
1711024014516690000,0.0,0.7300385236740112
1711024014516690000,0.0,0.7390378713607788
1711024014516690000,0.0,0.747764527797699
1711024014516690000,0.0,0.7567638754844666
1711024014516690000,0.0,0.7654904723167419
1711024014516690000,0.0,0.7744898796081543
1711024014516690000,0.0,0.7832164764404297
1711024014516690000,0.0,0.792215883731842
1711024014516690000,0.0,0.8009424805641174
1711024014516690000,0.0,0.809941828250885
1711024014516690000,0.0,0.8186684846878052
1711024014516690000,0.0,0.8276678323745728
1711024014516690000,0.0,0.8366672396659851
1711024014516690000,0.0,0.8459392786026001
1711024014516690000,0.0,0.8546659350395203
1711024014516690000,0.0,0.8636652827262878
1711024014516690000,0.0,0.872391939163208
1711024014516690000,0.0,0.8813912868499756
1711024014516690000,0.0,0.8901179432868958
1711024014516690000,0.0,0.8991172909736633
1711024014516690000,0.0,0.9078439474105835
1711024014516690000,0.0,0.9168432950973511
1711024014516690000,0.0,0.9255698919296265
1711024014516690000,0.0,0.9345692992210388
1711024014516690000,0.0,0.9432958960533142
1711024014516690000,0.0,0.9522952437400818
1711024014516690000,0.0,0.961021900177002
1711024014516690000,0.0,0.9700212478637695
1711024014516690000,0.0,0.9787479043006897
1711024014516690000,0.0,0.9877472519874573
1711024014516690000,0.0,0.9964739084243774
1711024014516690000,0.0,1.005473256111145
1711024014516690000,0.0,1.01419997215271
1711024014516690000,0.0,1.0231993198394775
1711024014516690000,0.0,1.031925916671753
1711024014516690000,0.0,1.0409252643585205
1711024014516690000,0.0,1.049651861190796
1711024014516690000,0.0,1.058651328086853
1711024014516690000,0.0,1.0673779249191284
1711024014516690000,0.0,1.076377272605896
1711024014516690000,0.0,1.0851038694381714
1711024014516690000,0.0,1.094103217124939
1711024014516690000,0.0,1.102829933166504
1711024014516690000,0.0,1.1118292808532715
1711024014516690000,0.0,1.1205558776855469
1711024014516690000,0.0,1.1295552253723145
1711024014516690000,0.0,1.1382819414138794
1711024014516690000,0.0,1.147281289100647
1711024014516690000,0.0,1.1560078859329224
1711024014516690000,0.0,1.16500723361969
1711024014516690000,0.0,1.1737339496612549
1711024014516690000,0.0,1.1827332973480225
1711024014516690000,0.0,1.19173264503479
1711024014516690000,0.0,1.555251955986023
1711024014516690000,0.0,1.563978672027588
1711024014516690000,0.0,1.5729780197143555
1711024014516690000,0.0,1.5817046165466309
1711024014516690000,0.0,1.5907039642333984
1711024014516690000,0.0,1.599703311920166
1711024014516690000,0.0,1.608430027961731
1711024014516690000,0.0,1.6174293756484985
1711024014516690000,0.0,1.6264287233352661
1711024014516690000,0.0,1.6351553201675415
1711024014516690000,0.0,1.644154667854309
1711024014516690000,0.0,1.6531540155410767
1711024014516690000,0.0,1.6618807315826416
1711024014516690000,0.0,1.6708800792694092
1711024014516690000,0.0,1.6796066761016846
1711024014516690000,0.0,1.6886060237884521
1711024014516690000,0.0,1.6976053714752197
1711024014516690000,0.0,1.7063320875167847
1711024014516690000,0.0,1.7153314352035522
1711024014516690000,0.0,1.7243307828903198
1711024014516690000,0.0,1.7330573797225952
1711024014516690000,0.0,1.7420567274093628
1711024014516690000,0.0,1.7510560750961304
1711024014516690000,0.0,1.7597827911376953
1711024014516690000,0.0,1.768782138824463
1711024014516690000,0.0,1.7777814865112305
1711024014516690000,0.0,1.7865080833435059
1711024014516690000,0.0,1.7955074310302734
1711024014516690000,0.0,1.8042341470718384
1711024014516690000,0.0,1.813233494758606
1711024014516690000,0.0,1.8222328424453735
1711024014516690000,0.0,1.830959439277649
1711024014516690000,0.0,1.8399587869644165
1711024014516690000,0.0,1.848958134651184
1711024014516690000,0.13300000131130219,1.881137728691101
1711024014516690000,0.13600000739097595,1.8865917921066284
1711024014516690000,0.1379999965429306,1.8931368589401245
1711024014516690000,0.0,1.8844101428985596
1711024014516690000,0.23000000417232513,1.8478673696517944
1711024014516690000,0.23399999737739563,1.8555032014846802
1711024014516690000,0.2329999953508377,1.8639570474624634
1711024014516690000,0.22699999809265137,1.8751381635665894
1711024014516690000,0.2240000069141388,1.8855010271072388
1711024014516690000,0.22100000083446503,1.895591139793396
1711024014516690000,0.21899999678134918,1.9054086208343506
1711024014516690000,0.21799999475479126,1.9146807193756104
1711024014516690000,0.21299999952316284,1.9258617162704468
1711024014516690000,0.2150000035762787,1.9337702989578247
1711024014516690000,0.210999995470047,1.944678544998169
1711024014516690000,0.20999999344348907,1.9536778926849365
1711024014516690000,0.20800000429153442,1.9637681245803833
1711024014516690000,0.2070000022649765,1.973040223121643
1711024014516690000,0.20499999821186066,1.9831303358078003
1711024014516690000,0.20399999618530273,1.99240243434906
1711024014516690000,0.20200000703334808,2.002492666244507
1711024014516690000,0.20100000500679016,2.0117647647857666
1711024014516690000,0.19900000095367432,2.0215821266174316
1711024014516690000,0.1979999989271164,2.0311269760131836
1711024014516690000,0.1979999989271164,2.040126323699951
1711024014516690000,0.20000000298023224,2.0474894046783447
1711024014516690000,0.20200000703334808,2.0556704998016357
1711024014516690000,0.0,2.096576690673828
1711024014516690000,0.0,2.1055760383605957
1711024014516690000,0.18700000643730164,2.0905771255493164
1711024014516690000,0.18799999356269836,2.0990312099456787
1711024014516690000,0.1889999955892563,2.1072123050689697
1711024014516690000,0.18799999356269836,2.1167571544647217
1711024014516690000,0.18700000643730164,2.1260292530059814
1711024014516690000,0.1860000044107437,2.1358466148376465
1711024014516690000,0.1850000023841858,2.1451187133789062
1711024014516690000,0.18400000035762787,2.154663562774658
1711024014516690000,0.18400000035762787,2.1633901596069336
1711024014516690000,0.18299999833106995,2.1732075214385986
1711024014516690000,0.18199999630451202,2.1824796199798584
1711024014516690000,0.1809999942779541,2.1920244693756104
1711024014516690000,0.1809999942779541,2.2007510662078857
1711024014516690000,0.17800000309944153,2.2119321823120117
1711024014516690000,0.1770000010728836,2.2212042808532715
1711024014516690000,0.1809999942779541,2.2274763584136963
1711024014516690000,0.17900000512599945,2.237839460372925
1711024014516690000,0.1770000010728836,2.2484748363494873
1711024014516690000,0.17599999904632568,2.2580196857452393
1711024014516690000,0.17599999904632568,2.267019033432007
1711024014516690000,0.17499999701976776,2.276836633682251
1711024014516690000,0.17499999701976776,2.2858359813690186
1711024014516690000,0.17399999499320984,2.2953805923461914
1711024014516690000,0.17399999499320984,2.304107427597046
1711024014516690000,0.17299999296665192,2.313924789428711
1711024014516690000,0.17299999296665192,2.3229241371154785
1711024014516690000,0.1720000058412552,2.3327417373657227
1711024014516690000,0.1720000058412552,2.3417410850524902
1711024014516690000,0.1720000058412552,2.350740432739258
1711024014516690000,0.17100000381469727,2.3600122928619385
1711024014516690000,0.17100000381469727,2.369011640548706
1711024014516690000,0.17000000178813934,2.37882924079895
1711024014516690000,0.17000000178813934,2.3878285884857178
1711024014516690000,0.17000000178813934,2.3968279361724854
1711024014516690000,0.16899999976158142,2.4063727855682373
1711024014516690000,0.16899999976158142,2.415372133255005
1711024014516690000,0.16899999976158142,2.4243714809417725
1711024014516690000,0.16899999976158142,2.43337082862854
1711024014516690000,0.1679999977350235,2.443188190460205
1711024014516690000,0.1679999977350235,2.4521875381469727
1711024014516690000,0.1679999977350235,2.460914134979248
1711024014516690000,0.1679999977350235,2.4699134826660156
1711024014516690000,0.16699999570846558,2.4794583320617676
1711024014516690000,0.16699999570846558,2.488457679748535
1711024014516690000,0.16699999570846558,2.4974570274353027
1711024014516690000,0.16699999570846558,2.506183624267578
1711024014516690000,0.16699999570846558,2.5151829719543457
1711024014516690000,0.16699999570846558,2.5241823196411133
1711024014516690000,0.16699999570846558,2.533181667327881
1711024014516690000,0.16599999368190765,2.542999267578125
1711024014516690000,0.16599999368190765,2.5519986152648926
1711024014516690000,0.16599999368190765,2.560725212097168
1711024014516690000,0.16599999368190765,2.5697245597839355
1711024014516690000,0.16599999368190765,2.578723907470703
1711024014516690000,0.16599999368190765,2.5877232551574707
1711024014516690000,0.16599999368190765,2.5967226028442383
1711024014516690000,0.16599999368190765,2.605721950531006
1711024014516690000,0.1770000010728836,2.962151050567627
1711024014516690000,0.17800000309944153,2.970332145690918
1711024014516690000,0.17800000309944153,2.9793314933776855
1711024014516690000,0.17900000512599945,2.9872400760650635
1711024014516690000,0.18000000715255737,2.9956939220428467
1711024014516690000,0.18000000715255737,3.004420757293701
1711024014516690000,0.1809999942779541,3.012601852416992
1711024014516690000,0.18199999630451202,3.0210559368133545
1711024014516690000,0.18199999630451202,3.02978253364563
1711024014516690000,0.18299999833106995,3.038236379623413
1711024014516690000,0.18400000035762787,3.046144962310791
1711024014516690000,0.18400000035762787,3.0551443099975586
1711024014516690000,0.1850000023841858,3.0633256435394287
1711024014516690000,0.1860000044107437,3.071779489517212
1711024014516690000,0.18700000643730164,3.079960823059082
1711024014516690000,0.18700000643730164,3.0886874198913574
1711024014516690000,0.1889999955892563,3.0965960025787354
1711024014516690000,0.1889999955892563,3.1053225994110107
1711024014516690000,0.1899999976158142,3.113776445388794
1711024014516690000,0.19099999964237213,3.121685028076172
1711024014516690000,0.19200000166893005,3.130138874053955
1711024014516690000,0.19300000369548798,3.1385929584503174
1711024014516690000,0.1940000057220459,-3.136411190032959
1711024014516690000,0.19499999284744263,-3.1279571056365967
1711024014516690000,0.19599999487400055,-3.1197760105133057
1711024014516690000,0.19699999690055847,-3.1113219261169434
1711024014516690000,0.1979999989271164,-3.10286808013916
1711024014516690000,0.2070000022649765,-2.7322583198547363
1711024014516690000,0.20499999821186066,-2.7224409580230713
1711024014516690000,0.20399999618530273,-2.7128961086273193
1711024014516690000,0.2029999941587448,-2.7036240100860596
1711024014516690000,0.20100000500679016,-2.6935338973999023
1711024014516690000,0.20000000298023224,-2.6842617988586426
1711024014516690000,0.19900000095367432,-2.674989700317383
1711024014516690000,0.1979999989271164,-2.6651723384857178
1711024014516690000,0.19699999690055847,-2.655900239944458
1711024014516690000,0.19599999487400055,-2.646355390548706
1711024014516690000,0.19499999284744263,-2.636810541152954
1711024014516690000,0.1940000057220459,-2.6275386810302734
1711024014516690000,0.19300000369548798,-2.6179938316345215
1711024014516690000,0.19200000166893005,-2.6084489822387695
1711024014516690000,0.19099999964237213,-2.5991768836975098
1711024014516690000,0.1899999976158142,-2.5893595218658447
1711024014516690000,0.1889999955892563,-2.580087423324585
1711024014516690000,0.1889999955892563,-2.5710880756378174
1711024014516690000,0.18799999356269836,-2.5615432262420654
1711024014516690000,0.18700000643730164,-2.5522713661193848
1711024014516690000,0.1860000044107437,-2.5424537658691406
1711024014516690000,0.1850000023841858,-2.533181667327881
1711024014516690000,0.1850000023841858,-2.5241823196411133
1711024014516690000,0.18400000035762787,-2.5146377086639404
1711024014516690000,0.18299999833106995,-2.5050928592681885
1711024014516690000,0.18299999833106995,-2.496093511581421
1711024014516690000,0.18199999630451202,-2.486548662185669
1711024014516690000,0.18199999630451202,-2.4778220653533936
1711024014516690000,0.1809999942779541,-2.4682772159576416
1711024014516690000,0.1809999942779541,-2.459550619125366
1711024014516690000,0.18000000715255737,-2.449733257293701
1711024014516690000,0.18000000715255737,-2.4407339096069336
1711024014516690000,0.17900000512599945,-2.431461811065674
1711024014516690000,0.17900000512599945,-2.4224624633789062
1711024014516690000,0.17800000309944153,-2.4129176139831543
1711024014516690000,0.17800000309944153,-2.4039182662963867
1711024014516690000,0.1770000010728836,-2.3943734169006348
1711024014516690000,0.1770000010728836,-2.3856468200683594
1711024014516690000,0.17599999904632568,-2.3758294582366943
1711024014516690000,0.17599999904632568,-2.3668301105499268
1711024014516690000,0.17599999904632568,-2.357558012008667
1711024014516690000,0.17599999904632568,-2.3488314151763916
1711024014516690000,0.17499999701976776,-2.3392865657806396
1711024014516690000,0.17499999701976776,-2.330287218093872
1711024014516690000,0.17399999499320984,-2.3210151195526123
1711024014516690000,0.17399999499320984,-2.312288522720337
1711024014516690000,0.17399999499320984,-2.3032891750335693
1711024014516690000,0.17399999499320984,-2.294562578201294
1711024014516690000,0.17399999499320984,-2.2855632305145264
1711024014516690000,0.17299999296665192,-2.2760183811187744
1711024014516690000,0.17399999499320984,-2.2681100368499756
1711024014516690000,0.17299999296665192,-2.2582924365997314
1711024014516690000,0.17299999296665192,-2.249565839767456
1711024014516690000,0.17299999296665192,-2.2405664920806885
1711024014516690000,0.17299999296665192,-2.231839895248413
1711024014516690000,0.17299999296665192,-2.2231132984161377
1711024014516690000,0.1720000058412552,-2.2132956981658936
1711024014516690000,0.1720000058412552,-2.204569101333618
1711024014516690000,0.1720000058412552,-2.1958425045013428
1711024014516690000,0.1720000058412552,-2.186843156814575
1711024014516690000,0.1720000058412552,-2.1781160831451416
1711024014516690000,0.1720000058412552,-2.169116735458374
1711024014516690000,0.1720000058412552,-2.1603901386260986
1711024014516690000,0.1720000058412552,-2.1516635417938232
1711024014516690000,0.1720000058412552,-2.1426641941070557
